{"_time_main": 1598025171.33466, "_time_draw": 1598025171.336652, "frame_counter": 1.2812831401824951, "passed_intro": false}