{"_time_main": 1598025170.0513766, "_time_draw": 1598025170.0513766}